,export,import,trade,market,regulation,investment,economy,trade_intensity,trade_intensity
,mean,mean,mean,mean,mean,mean,mean,mean,max
source,,,,,,,,,
europarl,0.001303780964797914,0.05867014341590613,0.016297262059973925,0.033246414602346806,0.051499348109517604,0.013689700130378096,0.037157757496740544,0.211864406779661,3
jrc_acquis,0.2175,0.3905,0.266,0.5265,0.9315,0.1115,0.4425,2.886,7
